﻿<?xml version="1.0" encoding="UTF-8"?>
<manifest identifier="D2L_6749" xmlns:d2l_2p0="http://desire2learn.com/xsd/d2lcp_v2p0" xmlns:scorm_1p2="http://www.adlnet.org/xsd/adlcp_rootv1p2" xmlns:imsmd="http://www.imsglobal.org/xsd/imsmd_rootv1p2p1" xmlns="http://www.imsglobal.org/xsd/imscp_v1p1">
    <metadata>
        <imsmd:lom>
            <imsmd:general>
                <imsmd:title>
                    <imsmd:langstring xml:lang="en-CA">Demo site: Murgu, Cal</imsmd:langstring>
                </imsmd:title>
                <imsmd:keyword>
                    <imsmd:langstring xml:lang="en-CA">demo-cmurgu</imsmd:langstring>
                </imsmd:keyword>
                <imsmd:language>en-CA</imsmd:language>
            </imsmd:general>
        </imsmd:lom>
    </metadata>
    <organizations default="d2l_orgs">
        <organization identifier="d2l_org">
            <item identifier="1802139" identifierref="RES_CONTENT_1802139" d2l_2p0:id="1" description="&lt;p&gt;In university, we constantly throw around the term “peer review.” What does it mean, and why is it important? This lesson will show you why.&lt;/p&gt;&#xD;&#xA;&lt;p&gt;&lt;a rel=&quot;noopener&quot; href=&quot;http://creativecommons.org/licenses/by-nc/4.0/&quot;&gt;&lt;img style=&quot;height: auto;&quot; src=&quot;https://i.creativecommons.org/l/by-nc/4.0/88x31.png&quot; alt=&quot;Creative Commons License&quot;/&gt;&lt;/a&gt;&lt;br/&gt;This work is licensed under a&amp;#160;&lt;a rel=&quot;noopener&quot; href=&quot;http://creativecommons.org/licenses/by-nc/4.0/&quot;&gt;Creative Commons Attribution-NonCommercial 4.0 International License&lt;/a&gt;.&lt;/p&gt;" completion_type="2">
                <title>Peer Review</title>
                <item identifier="1802140" identifierref="RES_CONTENT_1802140" d2l_2p0:id="2" description="&lt;p&gt;You’ll likely be asked to use scholarly, peer-reviewed information in your assignments. The question is, what’s peer-review, and why is it important? Watch the following short video for a quick introduction (1:33).&lt;/p&gt;&#xD;&#xA;&lt;p&gt;&lt;iframe src=&quot;https://h5pstudio.ecampusontario.ca/h5p/23924/embed&quot; width=&quot;733&quot; height=&quot;473&quot; frameborder=&quot;0&quot; allowfullscreen=&quot;allowfullscreen&quot;&gt;&lt;/iframe&gt;&lt;/p&gt;&#xD;&#xA;&lt;p&gt;&lt;a rel=&quot;noopener&quot; href=&quot;https://brocktnl.github.io/peer-review/video/&quot;&gt;Video Transcript&lt;/a&gt;&lt;/p&gt;" completion_type="2">
                    <title>What is peer review?</title>
                    <item identifier="1802144" identifierref="RES_CONTENT_1802144" d2l_2p0:id="3" isvisible="False" description="" completion_type="2" resource_type_key="D2L.LE.Quizzing.Quiz">
                        <title>Untitled</title>
                    </item>
                </item>
            </item>
        </organization>
    </organizations>
    <resources>
        <resource identifier="RES_CONTENT_1802139" type="webcontent" d2l_2p0:material_type="contentmodule" d2l_2p0:link_target="" href="" title="" />
        <resource identifier="RES_CONTENT_1802140" type="webcontent" d2l_2p0:material_type="contentmodule" d2l_2p0:link_target="" href="" title="" />
        <resource identifier="RES_CONTENT_1802144" type="webcontent" d2l_2p0:material_type="contentlink" d2l_2p0:link_target="_self" href="/d2l/common/dialogs/quickLink/quickLink.d2l?ou={orgUnitId}&amp;type=quiz&amp;rCode=E3441D29-BE5A-4BE7-AA7C-8C696DC9DDED-81719" title="" />
    </resources>
</manifest>